id,name,country,region,nearest_town,address,postcode,postcode_geocoding_allowed,postcode_notes,latitude,longitude,coordinate_precision,coordinate_source_url,coordinate_checked_on,postcode_location_quality,needs_pin_review,has_coordinates,website,access_type,fishery_type,species,access_notes,source_url,source_urls,address_source_url,species_source_url,last_checked,verification_notes
eng-hallcroft-fishery,Hallcroft Fishery,England,East Midlands,Retford,"Hallcroft Road, Retford, Nottinghamshire",DN22 7RA,true,,53.335174,-0.95409,postcode_centroid,https://api.postcodes.io/postcodes/DN227RA,2026-10-04,1,true,true,https://jamesparks.co.uk/hallcroft-fisheries/,day_ticket,coarse_lakes_and_river,"[""carp"", ""bream"", ""perch"", ""roach"", ""pike"", ""barbel"", ""chub""]",Daily and evening pleasure-angling tickets are advertised. The venue includes lakes and a stretch of the River Idle; check applicable water and match restrictions before fishing.,https://jamesparks.co.uk/fishing-with-us/fishing-tarifs/,"[""https://jamesparks.co.uk/hallcroft-fisheries/"", ""https://jamesparks.co.uk/fishing-with-us/fishing-tarifs/""]",,,2026-10-04,"Official-source research checked on the stated date; operating status, booking availability and map entrance not independently confirmed."
england-barford-lakes,Barford Lakes,England,East of England,Norwich,"Chapel Street, Barford, Norwich, Norfolk",NR9 4BJ,true,,,,unknown,,,,true,false,https://www.barfordlakes.com/,day_ticket,coarse_lakes,"[""carp"", ""bream"", ""tench"", ""golden orfe"", ""crucian carp"", ""chub"", ""roach"", ""rudd""]","This row covers the main Barford complex. Day-ticket pleasure fishing is advertised, but the homepage limits public day-ticket days and carries older notices; confirm the current schedule.",https://www.barfordlakes.com/asp_pages/lakes_pleasurelake.asp,"[""https://www.barfordlakes.com/"", ""https://www.barfordlakes.com/asp_pages/lakes_pleasurelake.asp"", ""https://www.barfordlakes.com/asp_pages/contact.asp"", ""https://www.barfordlakes.com/asp_pages/lakes.asp""]",,,2026-10-04,"Official-source research checked on the stated date; operating status, booking availability and map entrance not independently confirmed. No coordinate pair is supplied; keep off the map until verified."
england-colemans-cottage-fishery,Colemans Cottage Fishery,England,East of England,Witham,"Little Braxted Lane, Witham, Essex",CM8 3EX,true,,,,unknown,,,,true,false,https://www.colemansfishery.co.uk/,day_ticket,coarse_lakes,"[""carp"", ""F1 carp"", ""bream"", ""roach"", ""ide"", ""tench"", ""rudd"", ""perch"", ""crucian carp""]",Check in at the tackle shop before fishing. No public day tickets on Wednesdays unless staying onsite; Cottage Lake is a member water.,https://www.colemansfishery.co.uk/fishing/,"[""https://www.colemansfishery.co.uk/"", ""https://www.colemansfishery.co.uk/fishing/""]",,,2026-10-04,"Official-source research checked on the stated date; operating status, booking availability and map entrance not independently confirmed. No coordinate pair is supplied; keep off the map until verified."
england-decoy-lakes,Decoy Lakes,England,East of England,Whittlesey,"351 Drybread Road, Whittlesey, Peterborough, Cambridgeshire",PE7 2AD,true,,52.5651986,-0.0974607,venue_map_pin,"https://www.google.co.uk/maps/place/Decoy+Lakes/@52.5652018,-0.1000356,17z/data=!3m1!4b1!4m6!3m5!1s0x4877fc829ff341f9:0xbbf53091897b9cb8!8m2!3d52.5651986!4d-0.0974607!16s%2Fg%2F1th5hzd7?entry=ttu",2026-10-04,,false,true,https://www.decoylakes.co.uk/,day_ticket,coarse_lakes,"[""carp"", ""F1 carp"", ""tench"", ""barbel"", ""crucian carp"", ""roach"", ""rudd""]","Day-ticket match and pleasure complex. The site says no day tickets are sold after 11am; check the current arrival window and lake availability. Use the contact address and official map, as another section lists a different street number.",https://www.decoylakes.co.uk/,"[""https://www.google.co.uk/maps/place/Decoy+Lakes/@52.5652018,-0.1000356,17z/data=!3m1!4b1!4m6!3m5!1s0x4877fc829ff341f9:0xbbf53091897b9cb8!8m2!3d52.5651986!4d-0.0974607!16s%2Fg%2F1th5hzd7?entry=ttu"", ""https://www.decoylakes.co.uk/""]",,,2026-10-04,"Official-source research checked on the stated date; operating status, booking availability and map entrance not independently confirmed."
england-hintlesham-fisheries,Hintlesham Fisheries,England,East of England,Ipswich,"Fenn Farm, Hadleigh Road, Burstall, Ipswich, Suffolk",IP8 3EG,true,,,,unknown,,,,true,false,https://hf.areafish.com/,day_ticket,coarse_lakes,"[""carp"", ""catfish"", ""tench"", ""perch"", ""roach"", ""rudd"", ""crucian carp"", ""bream""]",The site advertises a day-ticket fishery with a mixed-stock Match Lake and separate specimen waters. Call to confirm session availability and booking rules.,https://hf.areafish.com/,"[""https://hf.areafish.com/"", ""https://hf.areafish.com/contact/"", ""https://hf.areafish.com/about/""]",,,2026-10-04,"Official-source research checked on the stated date; operating status, booking availability and map entrance not independently confirmed. No coordinate pair is supplied; keep off the map until verified."
england-newland-hall-fishery,Newland Hall Fishery,England,East of England,Chelmsford,"The Lodge, Newland Hall Country Estate, Bishops Stortford Road, Roxwell, Chelmsford, Essex",CM1 4LH,true,,,,unknown,,,,true,false,https://www.newlandhallfishery.co.uk/,day_ticket,coarse_lakes,"[""carp"", ""roach"", ""perch""]",Walk-up tickets are issued on the bank. Moat and Park suit pleasure fishing; check exclusive lake and match bookings before visiting.,https://www.newlandhallfishery.co.uk/find-us/,"[""https://www.newlandhallfishery.co.uk/"", ""https://www.newlandhallfishery.co.uk/find-us/"", ""https://www.newlandhallfishery.co.uk/bookings/""]",,,2026-10-04,"Official-source research checked on the stated date; operating status, booking availability and map entrance not independently confirmed. No coordinate pair is supplied; keep off the map until verified."
england-reepham-fishery,Reepham Fishery,England,East of England,Reepham,"Beck Farm, Norwich Road, Reepham, Norfolk",NR10 4NR,true,,,,unknown,,,,true,false,https://reephamfishery.co.uk/,day_ticket,coarse_lakes,"[""carp"", ""crucian carp"", ""roach"", ""rudd"", ""tench"", ""goldfish"", ""golden orfe"", ""barbel"", ""F1 carp""]","Call before arrival to arrange day fishing and confirm lake access. Official pages conflict on junior access and booking requirements, so confirm these directly before visiting.",https://reephamfishery.co.uk/fishing/pleasure-fishing/,"[""https://reephamfishery.co.uk/"", ""https://reephamfishery.co.uk/fishing/pleasure-fishing/"", ""https://reephamfishery.co.uk/find-us/"", ""https://reephamfishery.co.uk/day-ticket-fishing/""]",,,2026-10-04,"Official-source research checked on the stated date; operating status, booking availability and map entrance not independently confirmed. No coordinate pair is supplied; keep off the map until verified."
england-rookery-waters,Rookery Waters,England,East of England,Pidley,"Rookery Farm, Fen Road, Pidley, Cambridgeshire",PE28 3DF,true,,,,unknown,,,,true,false,https://www.rookerywaters.co.uk/,day_ticket,coarse_lakes,"[""carp"", ""grass carp"", ""roach"", ""rudd"", ""bream"", ""tench"", ""perch"", ""crucian carp""]",Day tickets are advertised; Rook Lake is the general pleasure water. No night fishing. Confirm match-related availability with the onsite tackle shop.,https://www.rookerywaters.co.uk/rules,"[""https://www.rookerywaters.co.uk/"", ""https://www.rookerywaters.co.uk/rules"", ""https://www.rookerywaters.co.uk/rook-lake"", ""https://www.fishsouth.co.uk/venues/rookery-waters/"", ""https://www.deepingstjamesanglingclub.co.uk/events/away-day-cup/""]",,,2026-10-04,"Official-source research checked on the stated date; operating status, booking availability and map entrance not independently confirmed. No coordinate pair is supplied; keep off the map until verified."
england-taswood-lakes,Taswood Lakes,England,East of England,Norwich,"Mill Road, Flordon, Norwich, Norfolk",NR15 1LX,true,,,,unknown,,,,true,false,https://taswoodlakes.co.uk/,day_ticket,coarse_lakes,"[""carp"", ""tench"", ""roach"", ""chub"", ""barbel"", ""crucian carp"", ""bream""]","Lapwing, Osprey and Grebe offer walk-up coarse-fishing day tickets from the shop. Spring, Grove and Heron require advance booking; Broadwing is for members or lodge guests.",https://taswoodlakes.co.uk/coarse-lakes/,"[""https://taswoodlakes.co.uk/"", ""https://taswoodlakes.co.uk/coarse-lakes/""]",,,2026-10-04,"Official-source research checked on the stated date; operating status, booking availability and map entrance not independently confirmed. No coordinate pair is supplied; keep off the map until verified."
england-tylers-common-fishery,Tylers Common Fishery,England,London,Brentwood,"Nags Head Lane, Brentwood, Essex",RM14 1TS,true,,,,unknown,,,,true,false,https://www.tylerscommonfishery.co.uk/,day_ticket,coarse_lakes,"[""carp"", ""roach"", ""bream"", ""tench"", ""crucian carp"", ""barbel""]","Public day tickets are advertised across the main four-lake complex. No night fishing. The site carries older notices, so confirm the current schedule before travelling.",https://www.tylerscommonfishery.co.uk/tylers-common-fishery-lakes/ash-lake/,"[""https://www.tylerscommonfishery.co.uk/"", ""https://www.tylerscommonfishery.co.uk/tylers-common-fishery-lakes/ash-lake/"", ""https://www.tylerscommonfishery.co.uk/contact-us/"", ""https://www.havering.gov.uk/downloads/file/5601/green-belt-study-2016-annex-f""]",,,2026-10-04,"Official-source research checked on the stated date; operating status, booking availability and map entrance not independently confirmed. No coordinate pair is supplied; keep off the map until verified."
eng-bolam-lake,Bolam Lake,England,North East England,Belsay,"Bolam Lake Country Park, near Belsay, Newcastle upon Tyne, Northumberland",NE20 0HE,true,,55.129302,-1.869219,postcode_centroid,https://api.postcodes.io/postcodes/NE200HE,2026-10-04,1,true,true,https://beta.northumberland.gov.uk/parks/country-parks-visitor-centres-coastal-sites/bolam-lake-country-park,day_ticket,coarse_stillwater,"[""pike"", ""perch""]","Public coarse-fishing permits are available, including day permits. Fishing is restricted to permitted banks; no boats or nature-sanctuary fishing, no night fishing, and closed season 15 March to 15 June inclusive.",https://beta.northumberland.gov.uk/parks/country-parks-visitor-centres-coastal-sites/bolam-lake-country-park,"[""https://beta.northumberland.gov.uk/parks/country-parks-visitor-centres-coastal-sites/bolam-lake-country-park"", ""https://northumberland.moderngov.co.uk/documents/s29508/Appendix5ScheduleofFeesandCharges202627.pdf"", ""https://www.northumberland.gov.uk/NorthumberlandCountyCouncil/media/Neigbourhood-and-Local-Services/NCC-Country-Park-Fishery-general-terms-conditions-and-rules.pdf""]",,,2026-10-04,"Official-source research checked on the stated date; operating status, booking availability and map entrance not independently confirmed."
eng-shotton-hall-pond,Shotton Hall Pond,England,North East England,Peterlee,"Old Shotton Hall, Peterlee, County Durham",SR8 2PH,true,,54.750926,-1.357062,postcode_centroid,https://api.postcodes.io/postcodes/SR82PH,2026-10-04,1,true,true,https://shottonhallanglingclub.co.uk/,day_ticket,coarse_stillwater,"[""tench"", ""bream"", ""roach"", ""rudd"", ""perch"", ""crucian carp"", ""carp"", ""eel""]","Non-member day tickets are sold in person at Hall reception, Monday to Friday only, excluding bank holidays. No fishing during May. Card payment only. Confirm access before travel as the site mentions a pending Hall sale.",https://shottonhallanglingclub.co.uk/,"[""https://shottonhallanglingclub.co.uk/""]",,,2026-10-04,"Official-source research checked on the stated date; operating status, booking availability and map entrance not independently confirmed."
eng-cheshire-oaks-fisheries,Cheshire Oaks Fisheries,England,North West England,Ellesmere Port,"Strawberry Way West, Backford, Chester, Cheshire",CH1 6PN,true,,53.255816,-2.911415,postcode_centroid,https://api.postcodes.io/postcodes/CH16PN,2026-10-04,1,true,true,https://cheshireoaksfisheries.com/,day_ticket,coarse_stillwater,"[""carp"", ""F1 carp"", ""ide"", ""barbel"", ""bream"", ""perch""]","Day-ticket coarse fishing with separate match, beginner and mixed match/pleasure lakes. Check the current site for rules and lake availability.",https://cheshireoaksfisheries.co.uk/times-and-prices/,"[""https://cheshireoaksfisheries.com/"", ""https://cheshireoaksfisheries.co.uk/times-and-prices/"", ""https://cheshireoaksfisheries.co.uk/contact/""]",,,2026-10-04,"Official-source research checked on the stated date; operating status, booking availability and map entrance not independently confirmed."
eng-fields-farm-fisheries,Fields Farm Fisheries,England,North West England,Sandbach,"Congleton Road, Sandbach, Cheshire",CW11 4TE,true,,53.157023,-2.353728,postcode_centroid,https://api.postcodes.io/postcodes/CW114TE,2026-10-04,1,true,true,https://www.fieldsfarmfisheries.com/,day_ticket,coarse_stillwater,"[""carp"", ""catfish"", ""perch""]",Day tickets and evening tickets are advertised; the venue says advance booking is not required and payment can be made on the bank. Mixed coarse and specimen pools share the complex.,https://www.fieldsfarmfisheries.com/,"[""https://www.fieldsfarmfisheries.com/""]",,,2026-10-04,"Official-source research checked on the stated date; operating status, booking availability and map entrance not independently confirmed."
eng-partridge-lakes,Partridge Lakes Fishery,England,North West England,Culcheth,"Glaziers Lane, Culcheth, Warrington",WA3 4AQ,true,,53.447648,-2.532665,postcode_centroid,https://api.postcodes.io/postcodes/WA34AQ,2026-10-04,1,true,true,https://partridgelakes.co.uk/,day_ticket,coarse_stillwater,"[""carp"", ""F1 carp"", ""barbel"", ""bream"", ""tench"", ""perch"", ""roach"", ""ide""]","Day tickets are available online or at the tackle shop, subject to lake availability. Gold Lake is members-only; other named lakes offer pleasure fishing. Check current lake bookings before visiting.",https://partridgelakes.co.uk/faqs/,"[""https://partridgelakes.co.uk/"", ""https://partridgelakes.co.uk/faqs/"", ""https://fishnorth.co.uk/venues/partridge-lakes/""]",,,2026-10-04,"Official-source research checked on the stated date; operating status, booking availability and map entrance not independently confirmed."
eng-ratherheath-tarn,Ratherheath Tarn,England,North West England,Kendal,"Ratherheath Lane, near Kendal, Cumbria",LA8 9JR,true,,54.3552484,-2.793104,official_venue_point,https://www.lakedistrictfishing.co.uk/fisheries/coarse-fishing/ratherheath/,2026-10-04,,false,true,https://www.lakedistrictfishing.co.uk/fisheries/coarse-fishing/ratherheath/,day_ticket,coarse_stillwater,"[""carp"", ""tench"", ""bream"", ""roach"", ""rudd"", ""perch"", ""gudgeon"", ""eel"", ""crucian carp""]",Public day tickets must be obtained before entry; the gate code is supplied with the ticket. Closed on published shoot dates. Night fishing is members-only. Electronic catch return required.,https://www.lakedistrictfishing.co.uk/fisheries/coarse-fishing/ratherheath/,"[""https://www.lakedistrictfishing.co.uk/fisheries/coarse-fishing/ratherheath/"", ""https://www.lakedistrictfishing.co.uk/product/ratherheath/""]",,,2026-10-04,"Official-source research checked on the stated date; operating status, booking availability and map entrance not independently confirmed."
eng-whitmore-fisheries,Whitmore Fisheries,England,North West England,Kirkham,"Bradshaw Lane, Greenhalgh, Preston, Lancashire",PR4 3HQ,true,,53.802384,-2.896776,postcode_centroid,https://api.postcodes.io/postcodes/PR43HQ,2026-10-04,1,true,true,https://www.whitmorefisheries.co.uk/,day_ticket,coarse_stillwater,"[""carp"", ""perch"", ""rudd"", ""bream"", ""roach"", ""tench"", ""barbel"", ""chub"", ""gudgeon"", ""ide""]","Day fishing without advance booking. The official lake guide excludes Island Pond, Lily Pond and Mill Pond from public use. Check current lake availability and rules before visiting.",https://www.whitmorefisheries.co.uk/about.php,"[""https://www.whitmorefisheries.co.uk/"", ""https://www.whitmorefisheries.co.uk/about.php"", ""https://www.whitmorefisheries.co.uk/lakes.php"", ""https://www.whitmorefisheries.co.uk/contactus.php""]",,,2026-10-04,"Official-source research checked on the stated date; operating status, booking availability and map entrance not independently confirmed."
england-gold-valley-lakes,Gold Valley Lakes,England,South East,Aldershot,"Gold Lane, Government Road, Aldershot, Hampshire",GU11 2PT,true,,,,unknown,,,,true,false,https://goldvalleylakes.com/,day_ticket,coarse_lakes,"[""carp"", ""F1 carp"", ""barbel"", ""bream"", ""tench"", ""crucian carp"", ""rudd"", ""roach"", ""ide"", ""perch""]",The venue advertises day-ticket pleasure fishing. Check which lakes and pegs are available around match bookings.,https://goldvalleylakes.com/,"[""https://goldvalleylakes.com/"", ""https://goldvalleylakes.com/page/lakes/3/"", ""https://goldvalleylakes.com/page/middle-lake/10/""]",,,2026-10-04,"Official-source research checked on the stated date; operating status, booking availability and map entrance not independently confirmed. No coordinate pair is supplied; keep off the map until verified."
england-monk-lakes,Monk Lakes,England,South East,Marden,"Staplehurst Road, Marden, Kent",TN12 9BS,true,,,,unknown,,,,true,false,https://www.monklakes.co.uk/,day_ticket,coarse_lakes_and_river,"[""carp"", ""barbel"", ""bream"", ""tench"", ""dace"", ""chub"", ""roach"", ""pike"", ""catfish""]",Pleasure lakes and the river can be fished without pre-booking. Match and specimen lakes require advance telephone booking; check lake-specific rules.,https://www.monklakes.co.uk/home,"[""https://www.monklakes.co.uk/"", ""https://www.monklakes.co.uk/home"", ""https://www.monklakes.co.uk/contact"", ""https://www.monklakes.co.uk/the-lakes""]",,,2026-10-04,"Official-source research checked on the stated date; operating status, booking availability and map entrance not independently confirmed. No coordinate pair is supplied; keep off the map until verified."
england-orchard-place-farm,Orchard Place Farm Fishing,England,South East,Paddock Wood,"Pearsons Green Road, near Paddock Wood, Kent",TN12 6NY,true,,,,unknown,,,,true,false,https://www.orchardplacefarmfishing.co.uk/,day_ticket,coarse_lakes,"[""carp"", ""F1 carp"", ""bream"", ""chub"", ""tench"", ""barbel""]","Lakes 5, 6 and 10 offer match and pleasure day tickets. Call ahead because booking arrangements vary seasonally; report to the office before fishing.",https://www.orchardplacefarmfishing.co.uk/prices/,"[""https://www.orchardplacefarmfishing.co.uk/"", ""https://www.orchardplacefarmfishing.co.uk/prices/"", ""https://www.orchardplacefarmfishing.co.uk/find-us/"", ""https://www.orchardplacefarmfishing.co.uk/lakes/lake-5/""]",,,2026-10-04,"Official-source research checked on the stated date; operating status, booking availability and map entrance not independently confirmed. No coordinate pair is supplied; keep off the map until verified."
england-willinghurst-fisheries,Willinghurst Fisheries,England,South East,Shamley Green,"Guildford Road, Shamley Green, Surrey",GU5 0SQ,true,,,,unknown,,,,true,false,https://www.willinghurstestate.co.uk/,day_ticket,coarse_lakes,"[""carp"", ""bream"", ""tench"", ""roach"", ""perch"", ""barbel"", ""F1 carp"", ""crucian carp""]",Walk-up tickets are sold by the bailiff. Choose a suitable pleasure lake; the published page lists Half Moon Lake as closed and specimen lakes have additional equipment rules.,https://www.willinghurstestate.co.uk/fishing,"[""https://www.willinghurstestate.co.uk/"", ""https://www.willinghurstestate.co.uk/fishing"", ""https://www.willinghurstestate.co.uk/contact""]",,,2026-10-04,"Official-source research checked on the stated date; operating status, booking availability and map entrance not independently confirmed. No coordinate pair is supplied; keep off the map until verified."
england-willow-park-fishery,Willow Park Fishery,England,South East,Ash,"Youngs Drive, Ash, Hampshire",GU12 6RE,true,,,,unknown,,,,true,false,https://www.willowparkfishery.co.uk/,day_ticket,coarse_lakes,"[""carp"", ""F1 carp"", ""tench"", ""bream"", ""perch"", ""roach""]","Day tickets are listed for the stock, small and middle lakes. Big Lake has separate longer-session tickets; confirm available water before travelling.",https://www.willowparkfishery.co.uk/prices/,"[""https://www.willowparkfishery.co.uk/"", ""https://www.willowparkfishery.co.uk/prices/"", ""https://www.willowparkfishery.co.uk/match-fishing/""]",,,2026-10-04,"Official-source research checked on the stated date; operating status, booking availability and map entrance not independently confirmed. No coordinate pair is supplied; keep off the map until verified."
england-avalon-fisheries,Avalon Fisheries,England,South West,Westhay,"Shapwick Road, Westhay, Somerset",BA6 9TT,true,,,,unknown,,,,true,false,https://avalonfisheries.co.uk/,day_ticket,coarse_lakes,"[""carp"", ""tench"", ""bream"", ""roach"", ""rudd"", ""chub"", ""perch"", ""pike""]","Moors Lake offers pleasure and match fishing, with day tickets from the shop or bailiff. Heath Lake uses online booking; Fenwood is a separate syndicate water.",https://avalonfisheries.co.uk/,"[""https://avalonfisheries.co.uk/"", ""https://avalonfisheries.co.uk/contact/""]",,,2026-10-04,"Official-source research checked on the stated date; operating status, booking availability and map entrance not independently confirmed. No coordinate pair is supplied; keep off the map until verified."
england-gwinear-angling,Gwinear Angling,England,South West,Newquay,"Cubert, Newquay, Cornwall",TR8 5JX,true,,,,unknown,,,,true,false,https://www.gwinearangling.co.uk/,day_ticket,coarse_lakes,"[""carp""]",The pleasure and specimen lakes welcome non-residents as well as campsite guests. Ask the tackle shop about current ticket and lake-booking arrangements.,https://www.gwinearangling.co.uk/s/camping-fishing,"[""https://www.gwinearangling.co.uk/"", ""https://www.gwinearangling.co.uk/s/camping-fishing""]",,,2026-10-04,"Official-source research checked on the stated date; operating status, booking availability and map entrance not independently confirmed. No coordinate pair is supplied; keep off the map until verified."
england-stafford-moor,Stafford Moor Fishery,England,South West,Winkleigh,"Toad Hall, Dolton, Winkleigh, Devon",EX19 8PP,true,,50.884532,-3.996314,venue_map_pin,https://maps.app.goo.gl/4Fow7xkRq4P2dbkd7,2026-10-04,,false,true,https://www.charteroak.co.uk/locations/stafford-moor/,day_ticket,coarse_lakes,"[""carp"", ""perch"", ""bream""]",Day passes advertised for the coarse-fishing complex. Pleasure lakes and separately booked specimen lakes are available; confirm lake access with the fishery.,https://www.charteroak.co.uk/locations/stafford-moor/,"[""https://maps.app.goo.gl/4Fow7xkRq4P2dbkd7"", ""https://www.charteroak.co.uk/locations/stafford-moor/"", ""https://www.charteroak.co.uk/general/fishing/""]",,,2026-10-04,"Official-source research checked on the stated date; operating status, booking availability and map entrance not independently confirmed."
england-summerhayes-fisheries,Summerhayes Fisheries,England,South West,Bridgwater,"Bridgwater, Somerset",TA6 6LW,true,,,,unknown,,,,true,false,https://summerhayesfisheries.com/,day_ticket,coarse_lakes,"[""carp"", ""bream"", ""crucian carp"", ""tench""]","Day tickets cover Sellick’s, Long’s and Denny’s; Big 8 has separate session arrangements. Check the match calendar for available water.",https://summerhayesfisheries.com/prices/,"[""https://summerhayesfisheries.com/"", ""https://summerhayesfisheries.com/prices/"", ""https://summerhayesfisheries.com/contact/"", ""https://summerhayesfisheries.com/lakes/sellicks-pond/"", ""https://summerhayesfisheries.com/lakes/longs-match-lake/""]",,,2026-10-04,"Official-source research checked on the stated date; operating status, booking availability and map entrance not independently confirmed. No coordinate pair is supplied; keep off the map until verified."
england-todber-manor-fisheries,Todber Manor Fisheries,England,South West,Sturminster Newton,"Manor Farm, Todber, Sturminster Newton, Dorset",DT10 1JB,true,,,,unknown,,,,true,false,https://todbermanor.co.uk/,day_ticket,coarse_lakes,"[""carp"", ""tench"", ""perch"", ""bream"", ""roach"", ""rudd""]",Day tickets on mixed pleasure waters such as Firs; buy from the tackle shop before fishing. Check lake availability and separate specimen-water arrangements.,https://todbermanor.co.uk/lakes/lake-details.php?id_lake=6,"[""https://todbermanor.co.uk/"", ""https://todbermanor.co.uk/lakes/lake-details.php?id_lake=6"", ""https://todbermanor.co.uk/contact-us"", ""https://todbermanor.co.uk/lakes/lake-details.php?id_lake=8""]",,,2026-10-04,"Official-source research checked on the stated date; operating status, booking availability and map entrance not independently confirmed. No coordinate pair is supplied; keep off the map until verified."
england-viaduct-fishery,Viaduct Fishery,England,South West,Somerton,"Dew Water Lane, Cary Valley, Somerton, Somerset",TA11 6LJ,true,,,,unknown,,,,true,false,https://www.viaductfishery.com/,day_ticket,coarse_lakes,"[""carp"", ""F1 carp"", ""perch"", ""tench""]",Pay before fishing. Campbell Lake is match-only; Middle Lake pegs 28–35 are reserved for lodge guests. Confirm winter Thursday availability on Lodge Lake.,https://www.viaductfishery.com/day-tickets,"[""https://www.viaductfishery.com/"", ""https://www.viaductfishery.com/day-tickets"", ""https://www.viaductfishery.com/lakes"", ""https://www.viaductfishery.com/visit""]",,,2026-10-04,"Official-source research checked on the stated date; operating status, booking availability and map entrance not independently confirmed. No coordinate pair is supplied; keep off the map until verified."
eng-barston-lakes,Barston Lakes,England,West Midlands,Solihull,"West Midlands Golf Club, Marsh House Farm Lane, Barston, Solihull",B92 0LB,true,,52.412667,-1.68614,postcode_centroid,https://api.postcodes.io/postcodes/B920LB,2026-10-04,1,true,true,https://www.barstonlakes.co.uk/,day_ticket,coarse_stillwater,"[""carp""]",Day tickets are sold through the golf shop; pay before fishing. Check the fixtures calendar for full or partial lake closures. Overnight fishing requires an additional annual night permit.,https://www.barstonlakes.co.uk/,"[""https://www.barstonlakes.co.uk/"", ""https://www.thelakeatbarston.co.uk/how-to-find-us/""]",,,2026-10-04,"Official-source research checked on the stated date; operating status, booking availability and map entrance not independently confirmed."
eng-boldings-pools,Boldings Pools,England,West Midlands,Bridgnorth,"Astley Abbotts, Bridgnorth, Shropshire",WV16 4SS,true,,52.570696,-2.422081,postcode_centroid,https://api.postcodes.io/postcodes/WV164SS,2026-10-04,1,true,true,https://www.boldingspools.com/,pleasure_fishing,coarse_stillwater,"[""carp"", ""bream"", ""tench""]",The official Deepdale page explicitly offers day pleasure fishing within this multi-pool coarse complex. Confirm ticket arrangements and pool availability with the fishery before visiting.,https://www.boldingspools.com/bridgnorth-fishing-pools/deepdale-pool/,"[""https://www.boldingspools.com/"", ""https://www.boldingspools.com/bridgnorth-fishing-pools/deepdale-pool/"", ""https://www.boldingspools.com/facilities/"", ""https://www.boldingspools.com/rules/""]",,,2026-10-04,"Official-source research checked on the stated date; operating status, booking availability and map entrance not independently confirmed."
eng-makins-fishery,Makins Fishery,England,West Midlands,Nuneaton,"Bazzard Road, Bramcote, Nuneaton",CV11 6QJ,true,,52.490019,-1.387267,postcode_centroid,https://api.postcodes.io/postcodes/CV116QJ,2026-10-04,1,true,true,https://www.makinsfishery.co.uk/,day_ticket,coarse_stillwater,[],Day-ticket pleasure and match fishing. Purchase tickets at the Phase 1 tackle shop before fishing. Lake 1 specimen and overnight sessions have separate tickets and conditions.,https://www.makinsfishery.co.uk/,"[""https://www.makinsfishery.co.uk/""]",,,2026-10-04,"Official-source research checked on the stated date; operating status, booking availability and map entrance not independently confirmed."
eng-packington-somers,Packington Somers Fishery,England,West Midlands,Meriden,"Somers Road, off Hampton Lane, Meriden, near Coventry",CV7 7PL,true,,52.436295,-1.667292,postcode_centroid,https://api.postcodes.io/postcodes/CV77PL,2026-10-04,1,true,true,https://packingtonestate.co.uk/sporting/coarse-fishing/,day_ticket,coarse_stillwater,"[""carp"", ""F1 carp"", ""tench"", ""bream"", ""roach"", ""perch"", ""crucian carp""]","Day and season tickets are advertised for the coarse fishery. Lakes serve both pleasure and match anglers, so confirm current pool availability at the lodge.",https://packingtonestate.co.uk/sporting/coarse-fishing/,"[""https://packingtonestate.co.uk/sporting/coarse-fishing/"", ""https://packingtonestate.co.uk/about/marsh-lane-nature-reserve/membership/""]",,,2026-10-04,"Official-source research checked on the stated date; operating status, booking availability and map entrance not independently confirmed."
eng-pillaton-hall-farm,Pillaton Hall Farm Fishing Pools,England,West Midlands,Penkridge,"Pillaton Hall Farm, Pillaton, Penkridge, Staffordshire",ST19 5RZ,true,,52.716621,-2.085918,postcode_centroid,https://api.postcodes.io/postcodes/ST195RZ,2026-10-04,1,true,true,https://www.pillatonhallfarm.co.uk/fishing/,day_ticket,coarse_stillwater,"[""bream"", ""carp"", ""roach"", ""crucian carp"", ""eel"", ""golden orfe"", ""perch"", ""rudd"", ""tench""]","Public day tickets are for over-18s, Monday to Thursday excluding bank holidays, booked at least 24 hours in advance. The venue requires two years of fishing experience and individual nets/mats. Seasonal access needs confirmation; the page contains a winter closure notice referring to reopening on 23 March 2026.",https://www.pillatonhallfarm.co.uk/fishing/,"[""https://www.pillatonhallfarm.co.uk/fishing/""]",,,2026-10-04,"Official-source research checked on the stated date; operating status, booking availability and map entrance not independently confirmed."
eng-tunnel-barn-farm,Tunnel Barn Farm,England,West Midlands,Shrewley,"Shrewley Common, Shrewley, Warwickshire",CV35 7AN,true,,52.303682,-1.687246,postcode_centroid,https://api.postcodes.io/postcodes/CV357AN,2026-10-04,1,true,true,https://www.tunnelbarnfarm.co.uk/,day_ticket,coarse_stillwater,[],"Pleasure fishing is advertised, usually with at least one pool reserved for it. Large events can change this; check the published pool-availability page before travel.",https://www.tunnelbarnfarm.co.uk/prices.html,"[""https://www.tunnelbarnfarm.co.uk/"", ""https://www.tunnelbarnfarm.co.uk/prices.html"", ""https://www.tunnelbarnfarm.co.uk/find-or-contact-us.html""]",,,2026-10-04,"Official-source research checked on the stated date; operating status, booking availability and map entrance not independently confirmed."
eng-woodland-view-fishery,Woodland View Fishery,England,West Midlands,Droitwich,"Hay Lane, Hadley, Droitwich, Worcestershire",WR9 0AU,true,,52.274037,-2.202316,postcode_centroid,https://api.postcodes.io/postcodes/WR90AU,2026-10-04,1,true,true,https://woodlandviewfishery.co.uk/,day_ticket,coarse_stillwater,[],Pleasure anglers must buy their day or half-day permit at the tackle shop before going to the bank. The complex also hosts booked matches.,https://woodlandviewfishery.co.uk/information/,"[""https://woodlandviewfishery.co.uk/"", ""https://woodlandviewfishery.co.uk/information/""]",,,2026-10-04,"Official-source research checked on the stated date; operating status, booking availability and map entrance not independently confirmed."
eng-aston-park-fisheries,Aston Park Fisheries,England,Yorkshire and the Humber,Aston,"Fiddleneck Lane, off Mansfield Road, Aston, Sheffield",S26 5PQ,true,,53.349517,-1.300323,postcode_centroid,https://api.postcodes.io/postcodes/S265PQ,2026-10-04,1,true,true,https://www.astonparkfisheries.co.uk/,day_ticket,coarse_stillwater,[],"The official FAQ allows pleasure anglers to turn up without reserving a peg, subject to lake-closure signs. Ask the shop which lakes are available. Night fishing has separate conditions.",https://www.astonparkfisheries.co.uk/how-to-find-us/,"[""https://www.astonparkfisheries.co.uk/"", ""https://www.astonparkfisheries.co.uk/how-to-find-us/""]",,,2026-10-04,"Official-source research checked on the stated date; operating status, booking availability and map entrance not independently confirmed."
eng-forest-lane-fishery,Forest Lane Fishery,England,Yorkshire and the Humber,Alne,"Forest Lane, Alne, York, North Yorkshire",YO61 1TT,true,,54.091204,-1.220842,postcode_centroid,https://api.postcodes.io/postcodes/YO611TT,2026-10-04,1,true,true,https://www.forestlanefishery.co.uk/,day_ticket,coarse_stillwater,"[""carp"", ""F1 carp"", ""barbel"", ""tench"", ""bream"", ""roach"", ""perch"", ""goldfish""]",Day tickets are advertised for pleasure and match fishing on The Furlong. Check the current calendar and other lake restrictions before selecting a peg.,https://www.forestlanefishery.co.uk/the-furlong/,"[""https://www.forestlanefishery.co.uk/"", ""https://www.forestlanefishery.co.uk/the-furlong/"", ""https://www.forestlanefishery.co.uk/find-us/""]",,,2026-10-04,"Official-source research checked on the stated date; operating status, booking availability and map entrance not independently confirmed."
eng-lindholme-lakes,Lindholme Lakes,England,Yorkshire and the Humber,Epworth,"Don Farm, West Carr, Epworth, near Doncaster",DN9 1LF,true,,53.55268,-0.892225,postcode_centroid,https://api.postcodes.io/postcodes/DN91LF,2026-10-04,1,true,true,https://www.lindholmelakes.co.uk/,day_ticket,coarse_stillwater,"[""carp"", ""F1 carp""]","The official site advertises day-ticket, match and pleasure fishing. Check the shop for the lakes available to visitors; some water is associated with private lodges.",https://www.lindholmelakes.co.uk/,"[""https://www.lindholmelakes.co.uk/"", ""https://www.lindholmelakes.co.uk/contact-us/""]",,,2026-10-04,"Official-source research checked on the stated date; operating status, booking availability and map entrance not independently confirmed."
eng-oaks-lakes-sessay,The Oaks Lakes,England,Yorkshire and the Humber,Thirsk,"Sessay, Thirsk, North Yorkshire",YO7 3BG,true,,54.17794,-1.304153,postcode_centroid,https://api.postcodes.io/postcodes/YO73BG,2026-10-04,1,true,true,https://www.theoakslakes.co.uk/,day_ticket,coarse_stillwater,[],Day and evening tickets are advertised. The lake guide separates pleasure/mixed lakes from purpose-built match lakes; check which lake is available before visiting.,https://www.theoakslakes.co.uk/information,"[""https://www.theoakslakes.co.uk/"", ""https://www.theoakslakes.co.uk/information"", ""https://www.theoakslakes.co.uk/lakes"", ""https://www.theoakslakes.co.uk/contact-us""]",,,2026-10-04,"Official-source research checked on the stated date; operating status, booking availability and map entrance not independently confirmed."
eng-woodland-lakes-thirsk,Woodland Lakes Fishery,England,Yorkshire and the Humber,Thirsk,"Carlton Miniott, Thirsk, North Yorkshire",YO7 4NJ,true,,54.223441,-1.395399,postcode_centroid,https://api.postcodes.io/postcodes/YO74NJ,2026-10-04,1,true,true,https://www.woodlandlakesfishery.com/,day_ticket,coarse_stillwater,"[""carp"", ""tench"", ""bream"", ""roach"", ""rudd"", ""perch"", ""barbel"", ""golden orfe""]","Day-ticket pleasure and match fishing on a multi-lake complex. Night sessions use selected specimen lakes and a separate booking process. This is the Thirsk venue, distinct from Woodland Lakes holiday lodges at Aughton.",https://www.woodlandlakesfishery.com/,"[""https://www.woodlandlakesfishery.com/""]",,,2026-10-04,"Official-source research checked on the stated date; operating status, booking availability and map entrance not independently confirmed."
ni-broadwater,Broadwater,Northern Ireland,County Antrim,Aghalee,"Soldierstown Road, near Aghalee",,false,No BT postcode-coordinate enrichment included; commercial reuse of Northern Ireland postcode data requires a separate licence.,54.5005,-6.2280278,official_location_pin,"http://www.google.co.uk/maps/place/54%C2%B030'01.8%22N+6%C2%B013'40.9%22W/@54.5005111,-6.2302247,574m/data=!3m2!1e3!4b1!4m2!3m1!1s0x0:0x0",2026-10-04,,true,true,https://www.daera-ni.gov.uk/articles/broadwater,permit,public_permit_water,"[""bream"", ""hybrids"", ""perch"", ""pike"", ""roach"", ""rudd"", ""tench""]","From age 12, a DAERA coarse or game rod licence and fishing permit are required. Open all year. Public coarse canal water with a surfaced waterside path and parking; boats are not permitted. Take care leaving the car park because road visibility is limited. Coordinate is converted from the explicit latitude/longitude location label in DAERA's map link; entrance suitability still needs review.",https://www.daera-ni.gov.uk/articles/broadwater,"[""http://www.google.co.uk/maps/place/54%C2%B030'01.8%22N+6%C2%B013'40.9%22W/@54.5005111,-6.2302247,574m/data=!3m2!1e3!4b1!4m2!3m1!1s0x0:0x0"", ""https://www.daera-ni.gov.uk/articles/broadwater""]",,,2026-10-04,"Official-source research checked on the stated date; operating status, booking availability and map entrance not independently confirmed."
ni-portna-canal,Portna Canal,Northern Ireland,County Antrim,Kilrea,,,false,No BT postcode-coordinate enrichment included; commercial reuse of Northern Ireland postcode data requires a separate licence.,54.950392,-6.5386331,official_map_centre,"http://www.google.co.uk/maps/@54.950392,-6.5386331,568m/data=!3m1!1e3",2026-10-04,,true,true,https://www.daera-ni.gov.uk/articles/portna-canal,permit,public_permit_water,"[""bream"", ""hybrids"", ""perch"", ""pike"", ""roach""]","From age 12, a DAERA coarse or game rod licence and fishing permit are required. Open all year. Public coarse canal venue. Fishing is restricted to the stretch below the locks; the rocky upstream banks are inaccessible and dangerous. Take care near the River Bann confluence because of deep water and strong current. Parking is available. Static boat fishing is allowed, but trolling is prohibited. Coordinate is the DAERA-published map-view centre.",https://www.daera-ni.gov.uk/articles/portna-canal,"[""http://www.google.co.uk/maps/@54.950392,-6.5386331,568m/data=!3m1!1e3"", ""https://www.daera-ni.gov.uk/articles/portna-canal""]",,,2026-10-04,"Official-source research checked on the stated date; operating status, booking availability and map entrance not independently confirmed."
ni-craigavon-city-park-lake-south,Craigavon City Park Lake - South,Northern Ireland,County Armagh,Craigavon,Craigavon City Park,,false,No BT postcode-coordinate enrichment included; commercial reuse of Northern Ireland postcode data requires a separate licence.,54.454642,-6.3743831,official_map_centre,"http://www.google.co.uk/maps/@54.454642,-6.3743831,575m/data=!3m1!1e3",2026-10-04,,true,true,https://www.daera-ni.gov.uk/articles/craigavon-city-park-lake-south,permit,public_permit_water,"[""bream"", ""hybrids"", ""perch"", ""pike"", ""roach""]","From age 12, a DAERA coarse or game rod licence and fishing permit are required. Open all year. Public coarse lake with parking, fishing stands and a surfaced perimeter path. Fishing from non-mechanical or electrically powered boats is permitted. Coordinate is the DAERA-published map-view centre; confirm the access point.",https://www.daera-ni.gov.uk/articles/craigavon-city-park-lake-south,"[""http://www.google.co.uk/maps/@54.454642,-6.3743831,575m/data=!3m1!1e3"", ""https://www.daera-ni.gov.uk/articles/craigavon-city-park-lake-south""]",,,2026-10-04,"Official-source research checked on the stated date; operating status, booking availability and map entrance not independently confirmed."
ni-loughgall-lake,Loughgall Lake,Northern Ireland,County Armagh,Loughgall,"Loughgall Country Park Reception, 11-14 Main Street, Loughgall",BT61 8HZ,false,No BT postcode-coordinate enrichment included; commercial reuse of Northern Ireland postcode data requires a separate licence.,54.4082429,-6.6031877,official_venue_pin,"https://www.google.co.uk/maps/place/Loughgall+Country+Park+%26+Golf+Course/@54.4043016,-6.6112619,1485m/data=!3m1!1e3!4m6!3m5!1s0x4860ed6b0bf5bd61:0x82c42683be4b6b6c!8m2!3d54.4082429!4d-6.6031877!16s%2Fg%2F1tf0q0ft?entry=ttu",2026-10-04,,true,true,https://www.daera-ni.gov.uk/articles/loughgall-lake,day_ticket,public_permit_water,"[""bream"", ""carp"", ""perch"", ""pike"", ""roach"", ""tench""]","Council-managed public coarse lake. Anglers aged 12 and over need a DAERA coarse/game rod licence; visitors need a council day ticket. DAERA says reception issues tickets to coarse-permit holders, so confirm the permit/ticket arrangement before travel. Catch and release only. Night fishing requires booking at least 24 hours ahead. The published pin identifies the country park, not a verified fishing entrance.",https://www.daera-ni.gov.uk/articles/loughgall-lake,"[""https://www.google.co.uk/maps/place/Loughgall+Country+Park+%26+Golf+Course/@54.4043016,-6.6112619,1485m/data=!3m1!1e3!4m6!3m5!1s0x4860ed6b0bf5bd61:0x82c42683be4b6b6c!8m2!3d54.4082429!4d-6.6031877!16s%2Fg%2F1tf0q0ft?entry=ttu"", ""https://www.daera-ni.gov.uk/articles/loughgall-lake""]",,,2026-10-04,"Official-source research checked on the stated date; operating status, booking availability and map entrance not independently confirmed."
ni-quoile-basin-river,Quoile Basin & River,Northern Ireland,County Down,Downpatrick,"Quoile Road, Downpatrick",,false,No BT postcode-coordinate enrichment included; commercial reuse of Northern Ireland postcode data requires a separate licence.,54.3460899,-5.7072201,official_waterbody_pin,"https://www.google.co.uk/maps/place/Quoile+River/@54.3484567,-5.7508539,6775m/data=!3m2!1e3!4b1!4m6!3m5!1s0x486114da2f8aa0d1:0xe98c7de549d84b78!8m2!3d54.3460899!4d-5.7072201!16zL20vMDUzcGRo?entry=ttu",2026-10-04,,true,true,https://www.daera-ni.gov.uk/articles/quoile-basin-river,permit,public_permit_water,"[""perch"", ""pike"", ""rudd""]","From age 12, a DAERA coarse or game rod licence and fishing permit are required. Open all year. Public coarse river and basin with access from Quoile Road on the south side. Parking and accessible fishing stands are listed. Boats are not permitted; avoid disturbing wildlife. The published coordinate represents the river rather than a verified parking or fishing access point.",https://www.daera-ni.gov.uk/articles/quoile-basin-river,"[""https://www.google.co.uk/maps/place/Quoile+River/@54.3484567,-5.7508539,6775m/data=!3m2!1e3!4b1!4m6!3m5!1s0x486114da2f8aa0d1:0xe98c7de549d84b78!8m2!3d54.3460899!4d-5.7072201!16zL20vMDUzcGRo?entry=ttu"", ""https://www.daera-ni.gov.uk/articles/quoile-basin-river""]",,,2026-10-04,"Official-source research checked on the stated date; operating status, booking availability and map entrance not independently confirmed."
ni-enagh-lough-caledon,Enagh Lough,Northern Ireland,County Tyrone,Caledon,"Dungannon Road (B45), near Caledon",,false,No BT postcode-coordinate enrichment included; commercial reuse of Northern Ireland postcode data requires a separate licence.,54.3589198,-6.838272,official_map_centre,"http://www.google.co.uk/maps/@54.3589198,-6.838272,576m/data=!3m1!1e3",2026-10-04,,true,true,https://www.daera-ni.gov.uk/articles/enagh-lough,permit,public_permit_water,"[""bream"", ""perch"", ""pike"", ""roach"", ""tench""]","From age 12, a DAERA coarse or game rod licence and fishing permit are required. Open all year. Public coarse lake near Caledon, with parking, paths and fishing stands, including accessible stands. Boats are not permitted. This is the Caledon venue, not the similarly named lough near Derry. Coordinate is the DAERA-published map-view centre; confirm the access point.",https://www.daera-ni.gov.uk/articles/enagh-lough,"[""http://www.google.co.uk/maps/@54.3589198,-6.838272,576m/data=!3m1!1e3"", ""https://www.daera-ni.gov.uk/articles/enagh-lough""]",,,2026-10-04,"Official-source research checked on the stated date; operating status, booking availability and map entrance not independently confirmed."
ni-lough-creeve,Lough Creeve,Northern Ireland,County Tyrone,Benburb,,,false,No BT postcode-coordinate enrichment included; commercial reuse of Northern Ireland postcode data requires a separate licence.,54.4019753,-6.8629943,official_map_centre,"http://www.google.co.uk/maps/@54.4019753,-6.8629943,1150m/data=!3m1!1e3",2026-10-04,,true,true,https://www.daera-ni.gov.uk/articles/lough-creeve,permit,public_permit_water,"[""bream"", ""perch"", ""pike"", ""roach"", ""tench""]","From age 12, a DAERA coarse or game rod licence and fishing permit are required. Open all year. Public coarse lake with parking, paths and fishing stands, including accessible stands. Non-mechanical and electrically powered boats are permitted. Follow the signposted approach from Holland's Crossroads. Coordinate is the DAERA-published map-view centre; confirm the entrance.",https://www.daera-ni.gov.uk/articles/lough-creeve,"[""http://www.google.co.uk/maps/@54.4019753,-6.8629943,1150m/data=!3m1!1e3"", ""https://www.daera-ni.gov.uk/articles/lough-creeve""]",,,2026-10-04,"Official-source research checked on the stated date; operating status, booking availability and map entrance not independently confirmed."
ni-lough-macronan,Lough Macronan,Northern Ireland,County Tyrone,Benburb,Brantry Wood,,false,No BT postcode-coordinate enrichment included; commercial reuse of Northern Ireland postcode data requires a separate licence.,54.4237253,-6.8392443,official_map_centre,"http://www.google.co.uk/maps/@54.4237253,-6.8392443,1150m/data=!3m1!1e3",2026-10-04,,true,true,https://www.daera-ni.gov.uk/articles/lough-macronan,permit,public_permit_water,"[""perch"", ""pike"", ""roach"", ""tench""]","From age 12, a DAERA coarse or game rod licence and fishing permit are required. Open all year. Public coarse lake reached on foot from Brantry Lough south car park, with roughly a kilometre of forest tracks. Fishing stands are provided; boats are not allowed. Coordinate is the DAERA-published map-view centre, not the parking location.",https://www.daera-ni.gov.uk/articles/lough-macronan,"[""http://www.google.co.uk/maps/@54.4237253,-6.8392443,1150m/data=!3m1!1e3"", ""https://www.daera-ni.gov.uk/articles/lough-macronan""]",,,2026-10-04,"Official-source research checked on the stated date; operating status, booking availability and map entrance not independently confirmed."
uk-scotland-springwater-fishery,Springwater Fishery,Scotland,Ayrshire,Dalrymple,"Drumgabs Farm, Dalrymple, Ayr",KA6 6AW,true,,,,unknown,,,,true,false,https://sf.areafish.com/,day_ticket,mixed_coarse_and_trout,"[""carp"", ""grass carp"", ""roach"", ""rudd"", ""perch"", ""gudgeon"", ""chub"", ""eel"", ""bream"", ""tench""]",A dedicated coarse loch is advertised within the mixed fishery. Operator rules explicitly cover day permits; the Scottish Federation for Coarse Angling confirms non-member day tickets. Reconfirm current arrangements with the fishery.,https://sf.areafish.com/coarse-loch-rules/,"[""https://sf.areafish.com/"", ""https://sf.areafish.com/coarse-loch-rules/"", ""https://sf.areafish.com/contact/"", ""https://www.sfca.co.uk/about-us/clubs/springwater-angling-club/"", ""https://anglingscotland.org.uk/fisheries/coarse_game/springwater-fishery/""]",,,2026-10-04,"Official-source research checked on the stated date; operating status, booking availability and map entrance not independently confirmed. No coordinate pair is supplied; keep off the map until verified."
uk-scotland-broom,Broom Fisheries,Scotland,Dumfries and Galloway,Annan,"Broom Farm Estate, Newbie, Annan, Dumfries and Galloway",DG12 5PF,true,,,,unknown,,,,true,false,https://broomfisheries.co.uk/,day_ticket,coarse_stillwater,"[""carp"", ""F1 carp"", ""ide"", ""chub"", ""bream"", ""barbel"", ""perch"", ""roach"", ""gudgeon"", ""tench"", ""rudd""]","Day tickets cover the pleasure waters, subject to matches and seasonal operating days. Muirbeck specimen water requires an invited Angler Number and must not be presented as unrestricted day-ticket access.",https://broomfisheries.co.uk/our-lakes/,"[""https://broomfisheries.co.uk/"", ""https://broomfisheries.co.uk/our-lakes/"", ""https://broomfisheries.co.uk/prices/""]",,,2026-10-04,"Official-source research checked on the stated date; operating status, booking availability and map entrance not independently confirmed. No coordinate pair is supplied; keep off the map until verified."
uk-scotland-hillhead-loch,Hillhead Loch (Drumlanrig Castle Fishery),Scotland,Dumfries and Galloway,Thornhill,"Hillhead Loch, behind Drumlanrig Mains, Queensberry Estate, Thornhill",DG3 4AQ,false,DG3 4AQ is the official Drumlanrig Castle estate/contact postcode; do not place Hillhead Loch at its centroid. Exact loch pin and entrance require review.,,,unknown,,,,true,false,https://www.drumlanrigcastle.co.uk/outdoor-activities/fishing/,day_ticket,coarse_loch,"[""carp"", ""tench""]","Book the Hillhead coarse-fishing loch through Drumlanrig Estate before fishing. The supplied postcode is the estate contact address, not a verified loch entrance. This row represents the coarse opportunity within the estate fishery; separate trout-only lochs are not additional rows.",https://www.drumlanrigcastle.co.uk/outdoor-activities/fishing/loch-coarse-fishing/,"[""https://www.drumlanrigcastle.co.uk/outdoor-activities/fishing/"", ""https://www.drumlanrigcastle.co.uk/outdoor-activities/fishing/loch-coarse-fishing/"", ""https://www.drumlanrigcastle.co.uk/outdoor-activities/fishing/fishing-terms-and-conditions/"", ""https://www.drumlanrigcastle.co.uk/wp-content/uploads/sites/7/2026/01/2026-Drumlanrig-Fishing-Prices.pdf""]",,,2026-10-04,"Official-source research checked on the stated date; operating status, booking availability and map entrance not independently confirmed. No coordinate pair is supplied; keep off the map until verified."
uk-scotland-magiscroft,Magiscroft Fishery,Scotland,North Lanarkshire,Cumbernauld,"Garngibboch Road, Condorrat, Cumbernauld",G67 4AF,true,,,,unknown,,,,true,false,https://magiscroft.com/,day_ticket,coarse_stillwater,"[""carp"", ""tench"", ""bream"", ""ide"", ""chub"", ""roach"", ""barbel"", ""rudd"", ""pike"", ""perch"", ""gudgeon""]",Day tickets are advertised for the multi-water coarse complex. Catch-and-release rules apply. Check the separate rules for rods and seasonal pike fishing.,https://magiscroft.com/,"[""https://magiscroft.com/"", ""https://magiscroft.com/fish/"", ""https://anglingscotland.org.uk/fisheries/coarse/magiscroft-fishery/""]",,,2026-10-04,"Official-source research checked on the stated date; operating status, booking availability and map entrance not independently confirmed. No coordinate pair is supplied; keep off the map until verified."
uk-scotland-lairds-loch,Lairds Loch Coarse Fishery,Scotland,Perthshire,Blairgowrie,"North Ballo, Tullybaccart, Blairgowrie, Perthshire",PH13 9LA,true,,,,unknown,,,,true,false,https://lairdslochfishery.co.uk/,day_ticket,coarse_loch,"[""carp"", ""bream"", ""tench"", ""roach"", ""rudd"", ""perch""]","Day, season and overnight permits are advertised. Advance booking and permission before fishing are required; catch-and-release and site-specific conservation rules apply. The permit section has an old season label, so confirm current arrangements directly.",https://lairdslochfishery.co.uk/,"[""https://lairdslochfishery.co.uk/""]",,,2026-10-04,"Official-source research checked on the stated date; operating status, booking availability and map entrance not independently confirmed. No coordinate pair is supplied; keep off the map until verified."
uk-scotland-orchill,Orchill Coarse Fishery,Scotland,Perthshire,Braco,"South Lodge, Gleneagles / Braco Road, Braco, Perthshire",FK15 9LF,true,,,,unknown,,,,true,false,https://orchillcoarsefishery.com/,day_ticket,mixed_coarse_and_trout,"[""carp"", ""bream"", ""roach"", ""rudd"", ""tench"", ""perch"", ""ide"", ""orfe"", ""gudgeon""]","The operator describes a day-ticket commercial coarse fishery catering for pleasure and match anglers, with three coarse ponds and a separate trout water.",https://orchillcoarsefishery.com/about,"[""https://orchillcoarsefishery.com/"", ""https://orchillcoarsefishery.com/about"", ""https://anglingscotland.org.uk/fisheries/coarse_game/orchill-fishery/""]",,,2026-10-04,"Official-source research checked on the stated date; operating status, booking availability and map entrance not independently confirmed. No coordinate pair is supplied; keep off the map until verified."
uk-scotland-lanark-loch,Lanark Loch,Scotland,South Lanarkshire,Lanark,"Hyndford Road, Lanark",ML11 9BJ,true,,,,unknown,,,,true,false,https://scottishcarpgroup.co.uk/our-waters/lanark-loch/,day_ticket,coarse_loch,"[""carp"", ""tench"", ""roach"", ""rudd"", ""perch"", ""pike""]","Public-park coarse fishing requires a permit purchased before fishing. Non-member day tickets are available; they do not permit night fishing. The operator gives this postcode for the parking areas, rather than an exact fishing peg.",https://scottishcarpgroup.co.uk/our-waters/lanark-loch/,"[""https://scottishcarpgroup.co.uk/our-waters/lanark-loch/"", ""https://www.southlanarkshire.gov.uk/directory-record/656719/lanark_loch_play_area""]",,,2026-10-04,"Official-source research checked on the stated date; operating status, booking availability and map entrance not independently confirmed. No coordinate pair is supplied; keep off the map until verified."
uk-scotland-newmill,Newmill Fishery,Scotland,South Lanarkshire,Lanark,"Cleghorn, Lanark",ML11 7SL,true,,,,unknown,,,,true,false,https://www.newmillfishery.com/,public_access,mixed_coarse_and_trout,"[""perch"", ""roach"", ""tench""]","The operator specifically advertises public access to a dedicated coarse pond stocked with perch, roach and tench. The wider complex also offers trout and seasonal pike fishing; those have separate permit arrangements.",https://www.newmillfishery.com/fishing,"[""https://www.newmillfishery.com/"", ""https://www.newmillfishery.com/fishing""]",,,2026-10-04,"Official-source research checked on the stated date; operating status, booking availability and map entrance not independently confirmed. No coordinate pair is supplied; keep off the map until verified."
uk-wales-springwater-lakes,Springwater Lakes,Wales,Carmarthenshire,Llanwrda,"Harford, Llanwrda, Carmarthenshire",SA19 8DT,true,,51.9668,-3.87737,published_venue_pin,https://www.visitwales.com/accommodation/touring-camping-park/springwater-lakes-560511,2026-10-04,,false,true,https://springwaterlakes.com/,day_ticket,mixed_coarse_and_trout,"[""carp"", ""crucian carp"", ""tench"", ""roach"", ""rudd""]",Public coarse and specimen-lake tickets are advertised separately from resident tickets; buy a ticket before fishing. Overnight sessions require an appointment. Separate trout water is also on site.,https://springwaterlakes.com/facilities/fishing/,"[""https://www.visitwales.com/accommodation/touring-camping-park/springwater-lakes-560511"", ""https://springwaterlakes.com/"", ""https://springwaterlakes.com/facilities/fishing/""]",,,2026-10-04,"Official-source research checked on the stated date; operating status, booking availability and map entrance not independently confirmed."
uk-wales-nine-oaks,Nine Oaks Angling Centre,Wales,Ceredigion,Llanarth,"Oakford, near Llanarth, Ceredigion",SA47 0RW,true,,52.19774,-4.26553,published_venue_pin,https://www.visitwales.com/activity/activity/nine-oaks-angling-centre-551701,2026-10-04,,false,true,https://www.nineoaksfishingbreaks.co.uk/,day_ticket,mixed_coarse_and_trout,"[""carp"", ""grass carp"", ""roach"", ""bream"", ""tench"", ""chub"", ""barbel""]",Coarse day tickets cover any of the coarse lakes. Coarse fishing is catch-and-release; the complex also has separate fly-only trout lakes.,https://www.nineoaksfishingbreaks.co.uk/coarse-lakes/,"[""https://www.visitwales.com/activity/activity/nine-oaks-angling-centre-551701"", ""https://www.nineoaksfishingbreaks.co.uk/"", ""https://www.nineoaksfishingbreaks.co.uk/coarse-lakes/"", ""https://www.nineoaksfishingbreaks.co.uk/angling-centre/""]",,,2026-10-04,"Official-source research checked on the stated date; operating status, booking availability and map entrance not independently confirmed."
uk-wales-yet-y-gors,Yet-Y-Gors Fishery,Wales,Pembrokeshire,Fishguard,"Dwrbach, Fishguard, Pembrokeshire",SA65 9RE,true,,51.9732,-5.00783,published_venue_pin,https://www.visitwales.com/activity/activity/yet-y-gors-fishery-573261,2026-10-04,,false,true,https://www.yet-y-gors.co.uk/,day_ticket,coarse_stillwater,"[""carp"", ""crucian carp"", ""F1 carp"", ""grass carp"", ""tench"", ""bream"", ""roach"", ""rudd"", ""perch"", ""gudgeon"", ""eel""]","Public day fishing is advertised on mixed coarse, tench/crucian and specimen carp lakes. Only the fishery nets and unhooking mats may be used; no night fishing. Call ahead in winter.",https://www.yet-y-gors.co.uk/coarse-fishing-fishguard-pembrokeshire/,"[""https://www.visitwales.com/activity/activity/yet-y-gors-fishery-573261"", ""https://www.yet-y-gors.co.uk/"", ""https://www.yet-y-gors.co.uk/coarse-fishing-fishguard-pembrokeshire/"", ""https://www.yet-y-gors.co.uk/coarse-fishing-fishguard-pembrokeshire/lakes/""]",,,2026-10-04,"Official-source research checked on the stated date; operating status, booking availability and map entrance not independently confirmed."
uk-wales-tri-nant,Tri-Nant Fishery,Wales,Rhondda Cynon Taf,Llantrisant,"Heolddu Road, Llantrisant, Pontyclun",CF72 8LQ,true,,,,unknown,,,,true,false,https://www.trinantfishery.co.uk/,day_ticket,coarse_stillwater,"[""carp"", ""bream"", ""perch"", ""roach"", ""rudd"", ""tench"", ""chub"", ""barbel""]","The local tourism authority advertises day passes purchased before fishing. Access and species are supported by Visit RCT and Fishing in Wales; the operator website did not load during this check, so reconfirm arrangements directly.",https://www.visitrct.wales/en-gb/things-to-do/tri-nant-fisheries,"[""https://www.trinantfishery.co.uk/"", ""https://www.visitrct.wales/en-gb/things-to-do/tri-nant-fisheries"", ""https://fishingwales.net/fishing-locations/tri-nant-fishery/""]",,,2026-10-04,"Official-source research checked on the stated date; operating status, booking availability and map entrance not independently confirmed. No coordinate pair is supplied; keep off the map until verified."
uk-wales-white-springs,White Springs Coarse Fishery,Wales,South Wales,Pontarddulais,"Garnswllt Road, Pontarddulais, Swansea",SA4 8QG,true,,,,unknown,,,,true,false,https://www.whitespringsfishery.co.uk/,day_ticket,coarse_stillwater,"[""carp"", ""tench"", ""bream"", ""roach"", ""perch"", ""orfe"", ""grass carp""]","Non-member day tickets are advertised for the pleasure, canal, match, Big Pit and specimen waters. One record covers the complex; check lake-specific rules before visiting.",https://www.whitespringsfishery.co.uk/the-pleasure-lake,"[""https://www.whitespringsfishery.co.uk/"", ""https://www.whitespringsfishery.co.uk/the-pleasure-lake"", ""https://www.whitespringsfishery.co.uk/prices"", ""https://www.whitespringsfishery.co.uk/location""]",,,2026-10-04,"Official-source research checked on the stated date; operating status, booking availability and map entrance not independently confirmed. No coordinate pair is supplied; keep off the map until verified."
uk-wales-dyffryn-springs,Dyffryn Springs,Wales,Vale of Glamorgan,Cardiff,"Home Farm, Dyffryn, Vale of Glamorgan",CF5 6SU,true,,51.43758,-3.30421,published_venue_pin,https://www.visitwales.com/activity/activity/dyffryn-springs-538121,2026-10-04,,false,true,https://www.fishingatdyffryn.co.uk/,day_ticket,coarse_stillwater,"[""carp"", ""ide"", ""tench"", ""roach"", ""bream"", ""perch""]","The operator advertises coarse tickets for Waycock, Thaw, Goldsland and Reservoir, with first-come admission and no booking required. Wallace and Worleton are conservation/stock ponds and are excluded from fishing access.",https://www.fishingatdyffryn.co.uk/our-lakes,"[""https://www.visitwales.com/activity/activity/dyffryn-springs-538121"", ""https://www.fishingatdyffryn.co.uk/"", ""https://www.fishingatdyffryn.co.uk/our-lakes"", ""https://www.fishingatdyffryn.co.uk/prices""]",,,2026-10-04,"Official-source research checked on the stated date; operating status, booking availability and map entrance not independently confirmed."
uk-wales-hazelcourt-ponds,Hazelcourt Ponds,Wales,Vale of Glamorgan,Cowbridge,"Llysworney, near Cowbridge, Vale of Glamorgan",CF71 7NQ,true,,,,unknown,,,,true,false,https://www.hazelcourtponds.com/,day_ticket,coarse_stillwater,"[""carp"", ""crucian carp"", ""wels catfish"", ""bream"", ""tench"", ""roach"", ""rudd"", ""orfe"", ""chub"", ""barbel"", ""ide""]","Day and overnight tickets are advertised, with different arrangements for the catfish lake. Exclusive bookings are offered for selected waters; contact the operator for availability.",https://www.hazelcourtponds.com/,"[""https://www.hazelcourtponds.com/"", ""https://www.hazelcourtponds.com/blank-c24qd""]",,,2026-10-04,"Official-source research checked on the stated date; operating status, booking availability and map entrance not independently confirmed. No coordinate pair is supplied; keep off the map until verified."
uk-wales-commonwood,Commonwood Fishery,Wales,Wrexham,Wrexham,"Buck Road, Holt, Wrexham",LL13 9TF,true,,53.07082,-2.9269,published_venue_pin,https://www.visitwales.com/activity/activity/commonwood-fishery-535151,2026-10-04,,false,true,https://www.commonwoodleisure.com/commonwood-fishery,day_ticket,coarse_stillwater,"[""carp"", ""bream"", ""roach"", ""perch"", ""tench"", ""wels catfish""]",Day tickets are advertised for the mixed coarse and pleasure lakes. Some specimen lakes require advance booking and have age restrictions; check the relevant lake before booking.,https://fishingwales.net/fishing-locations/commonwood-fishery/,"[""https://www.visitwales.com/activity/activity/commonwood-fishery-535151"", ""https://www.commonwoodleisure.com/commonwood-fishery"", ""https://fishingwales.net/fishing-locations/commonwood-fishery/"", ""https://www.gocatch.fish/profile/7b1704e2-396e-46c1-835c-0ff708d1719c""]",,,2026-10-04,"Official-source research checked on the stated date; operating status, booking availability and map entrance not independently confirmed."
